Branch,Updated,Check status,BehindAhead,Pull request,Action menu
main,2 days ago,,Default,,
Your branches,,,,,
Branch,Updated,Check status,BehindAhead,Pull request,Action menu
fix-code-quality,8 minutes ago,,"0



4",#9,
complete-audit-graphite,2 days ago,,"0



1",#8,
first-stack-pr,2 days ago,,"0



2",,
Active branches,,,,,
Branch,Updated,Check status,BehindAhead,Pull request,Action menu
fix-code-quality,8 minutes ago,,"0



4",#9,
complete-audit-graphite,2 days ago,,"0



1",#8,
first-stack-pr,2 days ago,,"0



2",,
railway/code-change-SDMDIK,3 days ago,,"11



1",#6,
railway/code-change-b4-DLJ,3 days ago,,"12



0",#5,